ticker,date,fraction_crossed_book,fraction_negative_vol_entries,fraction_ask_monotone,fraction_bid_monotone
0050,2024-01-02,0.0,0.0,0.007547169811320755,0.0
0050,2024-02-20,0.0,0.0,0.0,0.0
0050,2024-03-29,0.0,0.0,0.0,0.0
0056,2024-01-02,0.6754716981132075,0.0,0.0,0.0
0056,2024-02-20,0.6377358490566037,0.0,0.0,0.0
0056,2024-03-29,0.7283018867924528,0.0,0.0,0.0
2330,2024-01-02,0.25660377358490566,0.0,0.04150943396226415,0.7471698113207547
2330,2024-02-20,0.2528301886792453,0.0,0.011320754716981131,0.0
2330,2024-03-29,0.20754716981132076,0.0,0.01509433962264151,0.011320754716981131
